# äº‹åŠ¡

ðŸŸ¢**äº‹åŠ¡æ˜¯ä¸€ä¸ªæ•°æ®åº“æ“ä½œåºåˆ—, è¿™äº›æ“ä½œè¦ä¹ˆå…¨åšï¼Œè¦ä¹ˆå…¨ä¸åšï¼Œ æ˜¯ä¸€ä¸ªä¸å¯åˆ†å‰²çš„å·¥ä½œå•å…ƒ**

ðŸŸ¢**äº‹åŠ¡ç”¨äºŽå¹¶å‘æŽ§åˆ¶å’Œæ•°æ®æ¢å¤**

```sql
> begin transaction;
> rollback;
> commit;
```

## ACIDç‰¹æ€§

1. åŽŸå­æ€§: æ“ä½œè¦ä¹ˆéƒ½åš, è¦ä¹ˆéƒ½ä¸åš
2. ä¸€è‡´æ€§: æ•°æ®åº“ä¸­ï¼ŒåªåŒ…å«æˆåŠŸäº‹åŠ¡æäº¤çš„ç»“æžœ
3. éš”ç¦»æ€§: äº‹åŠ¡é—´æ“ä½œä¸äº’ç›¸å¹²æ‰°
4. æŒç»­æ€§/æ°¸ä¹…æ€§: äº‹åŠ¡æäº¤, ç»“æžœæ°¸ä¹…ä¿å­˜ 

## éš”ç¦»çº§åˆ«

| éš”ç¦»çº§åˆ«         | è„è¯» | ä¸å¯é‡å¤è¯» | å¹»è¯» |
| ---------------- | ---- | ---------- | ---- |
| READ UNCOMMITTED | âœ…    | âœ…          | âœ…    |
| READ COMMITTED   | âŒ    | âœ…          | âœ…    |
| REPEATABLE READ  | âŒ    | âŒ          | âœ…    |
| SERIALIZABLE     | âŒ    | âŒ          | âŒ    |

```sql
SET [GLOBAL | SESSION] TRANSACTION
    transaction_characteristic [, transaction_characteristic] ...

transaction_characteristic: {
    ISOLATION LEVEL level
  | access_mode
}

level: {
     REPEATABLE READ
   | READ COMMITTED
   | READ UNCOMMITTED
   | SERIALIZABLE
}

access_mode: {
     READ WRITE
   | READ ONLY
}

-- å…¨å±€äº‹åŠ¡éš”ç¦»çº§åˆ«ã€è®¿é—®æ¨¡å¼
SELECT @@GLOBAL.transaction_isolation;
SELECT @@GLOBAL.transaction_read_only;

-- sessionçº§äº‹åŠ¡éš”ç¦»çº§åˆ«ã€è®¿é—®æ¨¡å¼
SELECT @@SESSION.transaction_isolation;
SELECT @@SESSION.transaction_read_only;

-- MySQLé»˜è®¤éš”ç¦»çº§åˆ«: repeatable read
```

### è¯»æœªæäº¤

ðŸŸ¢è¿˜æ²¡æäº¤ï¼Œå°±è¯»åˆ°äº†  (è„)

```sql
mysql> set transaction isolation level read uncommitted;
Query OK, 0 rows affected (0.00 sec)

mysql> begin;
Query OK, 0 rows affected (0.00 sec)

mysql> select * from transaction_test;
Empty set (0.00 sec)

					# -- å¦ä¸€äº‹åŠ¡ä¸­, æ‰§è¡Œå¦‚ä¸‹SQL
					# > begin;
					# > insert into transaction_test value (1, 'è¯»æœªæäº¤');

mysql> select * from transaction_test;
+------+--------------+
| id   | message      |
+------+--------------+
|    1 | è¯»æœªæäº¤     |
+------+--------------+
1 row in set (0.00 sec)

					# -- å¦ä¸€äº‹åŠ¡å›žæ»š
					# > rollback

mysql> select * from transaction_test;
Empty set (0.00 sec)

mysql> commit;
Query OK, 0 rows affected (0.00 sec)
```

### è¯»å·²æäº¤

ðŸŸ¢æäº¤äº†ï¼Œæ‰èƒ½è¯»

```sql
mysql> set transaction isolation level read committed;
Query OK, 0 rows affected (0.00 sec)

mysql> begin;
Query OK, 0 rows affected (0.00 sec)

mysql> select * from transaction_test;
Empty set (0.00 sec)

					# -- å¦ä¸€äº‹åŠ¡ä¸­, æ‰§è¡Œå¦‚ä¸‹SQL
					# > begin;
					# > insert transaction_test values (1, 'è¯»å·²æäº¤');

mysql> select * from transaction_test;
Empty set (0.00 sec)

					# -- å¦ä¸€äº‹åŠ¡æäº¤
					# > commit;

mysql> select * from transaction_test;
+------+--------------+
| id   | message      |
+------+--------------+
|    1 | è¯»å·²æäº¤     |
+------+--------------+
1 row in set (0.00 sec)

mysql> commit;
Query OK, 0 rows affected (0.00 sec)
```

### å¯é‡å¤è¯»

ðŸŸ¢æäº¤äº†ï¼Œä¹Ÿè¯»ä¸åˆ°

```sql
mysql> set transaction isolation level REPEATABLE READ;
Query OK, 0 rows affected (0.00 sec)

mysql> begin;
Query OK, 0 rows affected (0.07 sec)

mysql> select * from transaction_test;
Empty set (0.00 sec)

					# -- å¦ä¸€äº‹åŠ¡ä¸­, æ‰§è¡Œå¦‚ä¸‹SQL
					# > begin;
					# > insert transaction_test values (1, 'å¯é‡å¤è¯»');
					# > commit;

mysql> select * from transaction_test;
Empty set (0.00 sec)

mysql> commit;
Query OK, 0 rows affected (0.00 sec)
```

ðŸŸ¢æ²¡è¯»åˆ°, ä½†èƒ½æ”¹ (å¹»)

```sql
mysql> set transaction isolation level REPEATABLE READ;
Query OK, 0 rows affected (0.00 sec)

mysql> begin;
Query OK, 0 rows affected (0.07 sec)

mysql> select * from transaction_test;
Empty set (0.00 sec)

					# -- å¦ä¸€äº‹åŠ¡ä¸­, æ‰§è¡Œå¦‚ä¸‹SQL
					# > begin;
					# > insert transaction_test values (1, 'å¹»è¯»');
					# > commit;

mysql> select * from transaction_test;
Empty set (0.00 sec)

mysql> update transaction_test set message='å¹»è¯»' where id = 1;
Query OK, 0 rows affected (0.00 sec)
Rows matched: 1  Changed: 0  Warnings: 0

mysql> select * from transaction_test;
Empty set (0.00 sec)

					# -- å¦ä¸€äº‹åŠ¡ä¸­, æ‰§è¡Œå¦‚ä¸‹SQL, æ“ä½œæŒ‚èµ·ï¼
					# > delete from transaction_test where id = 1;
					# ^C^C -- query aborted
					# ERROR 1317 (70100): Query execution was interrupted

mysql> commit;
Query OK, 0 rows affected (0.00 sec)
```

å¦‚æžœæ”¹åŠ¨æˆåŠŸäº†, å¯ä»¥è¯»å–åˆ°...

```sql
mysql> set transaction isolation level REPEATABLE READ;
Query OK, 0 rows affected (0.00 sec)

mysql> begin;
Query OK, 0 rows affected (0.07 sec)

mysql> select * from transaction_test;
Empty set (0.00 sec)

					# -- å¦ä¸€äº‹åŠ¡ä¸­, æ‰§è¡Œå¦‚ä¸‹SQL
					# > begin;
					# > insert transaction_test values (1, 'å¹»è¯»');
					# > commit;

mysql> select * from transaction_test;
Empty set (0.00 sec)

mysql> update transaction_test set message='è¯»å·²æäº¤' where id = 1;
Query OK, 1 row affected (0.00 sec)
Rows matched: 1  Changed: 1  Warnings: 0

mysql> select * from transaction_test;
+------+--------------+
| id   | message      |
+------+--------------+
|    1 | è¯»å·²æäº¤     |
+------+--------------+
1 row in set (0.00 sec)

					# -- å¦ä¸€äº‹åŠ¡ä¸­, æ‰§è¡Œå¦‚ä¸‹SQL, æ“ä½œæŒ‚èµ·ï¼
					# > delete from transaction_test where id = 1;
					# ^C^C -- query aborted
					# ERROR 1317 (70100): Query execution was interrupted

mysql> commit;
Query OK, 0 rows affected (0.00 sec)
```

### åºåˆ—åŒ–è¯»

```sql
mysql> set transaction isolation level serializable;
Query OK, 0 rows affected (0.00 sec)

mysql> begin;
Query OK, 0 rows affected (0.00 sec)

mysql> select * from transaction_test;
Empty set (0.00 sec)

					# -- å¦ä¸€äº‹åŠ¡ä¸­, æ‰§è¡Œæ’å…¥è¯­å¥, æ“ä½œæŒ‚èµ·
					# > begin;
					# > insert into transaction_test value (1, 'åºåˆ—åŒ–');
					# æŒ‚èµ·å¯èƒ½ä¼šè¶…æ—¶: Lock wait timeout exceeded;

mysql> commit;
Query OK, 0 rows affected (0.00 sec)
```

## ä¿å­˜ç‚¹


```sql
mysql> begin;
Query OK, 0 rows affected (0.00 sec)

mysql> insert into transaction_test value (1, 'Hello, MySQL');
Query OK, 1 row affected (0.00 sec)

mysql> savepoint sp1;
Query OK, 0 rows affected (0.00 sec)

mysql> insert into transaction_test value (2, 'Hello, MySQL');
Query OK, 1 row affected (0.00 sec)

mysql> select * from transaction_test;
+------+--------------+
| id   | message      |
+------+--------------+
|    1 | Hello, MySQL |
|    2 | Hello, MySQL |
+------+--------------+
2 rows in set (0.00 sec)

mysql> rollback to sp1;
Query OK, 0 rows affected (0.00 sec)

mysql> select * from transaction_test;
+------+--------------+
| id   | message      |
+------+--------------+
|    1 | Hello, MySQL |
+------+--------------+
1 row in set (0.00 sec)

mysql> commit;
Query OK, 0 rows affected (0.10 sec)
```

## MySQLå®˜æ–¹æ–‡æ¡£

[äº‹åŠ¡è®¾ç½®](https://dev.mysql.com/doc/refman/8.0/en/set-transaction.html)